core_count,distinct_cores,runtime,energy
2,2,2.64418e+09,81.2012
2,2,2.66396e+09,81.8569
2,2,2.66544e+09,81.7756
2,2,3.19399e+09,73.384
2,2,2.94243e+09,77.4254
2,2,3.32952e+09,71.2795
2,2,2.829e+09,79.0925
2,2,3.49001e+09,68.2979
2,2,2.65441e+09,81.6067
2,2,3.49011e+09,68.3368
2,2,2.66196e+09,81.9482
2,2,3.57685e+09,67.0111
2,2,2.65624e+09,81.7269
2,2,3.49532e+09,68.6281
2,2,3.49586e+09,68.4132
2,2,2.66281e+09,81.9708
2,2,3.48778e+09,68.3768
2,2,3.4606e+09,69.1514
2,2,2.7757e+09,79.9499
2,2,3.49229e+09,68.5567
3,3,2.1489e+09,97.322
3,3,2.22167e+09,94.7683
3,3,2.68754e+09,80.5204
3,3,2.60035e+09,83.0751
3,3,2.60029e+09,83.3634
3,3,2.50353e+09,86.1288
3,3,2.17196e+09,96.3127
3,3,2.3811e+09,89.8798
3,3,2.60191e+09,83.0215
3,3,2.68501e+09,80.4356
3,3,2.60172e+09,82.9517
3,3,2.132e+09,97.4128
3,3,2.23683e+09,94.2791
3,3,2.68752e+09,80.4929
3,3,2.60209e+09,82.7693
3,3,2.59951e+09,83.1597
3,3,2.48736e+09,87.0038
3,3,2.17811e+09,96.2466
3,3,2.3918e+09,89.6881
3,3,2.60028e+09,83.1031
4,4,2.2397e+09,91.8612
4,4,1.33362e+09,138.314
4,4,2.16382e+09,95.5736
4,4,1.68611e+09,120.679
4,4,1.80461e+09,114.152
4,4,2.24567e+09,91.5374
4,4,1.32946e+09,139.446
4,4,2.22285e+09,92.4708
4,4,2.00882e+09,104.235
4,4,1.48098e+09,131.299
4,4,2.16085e+09,96.0626
4,4,1.55726e+09,128.513
4,4,2.00049e+09,104.342
4,4,2.22662e+09,93.0742
4,4,1.34707e+09,138.867
4,4,2.16292e+09,96.021
4,4,1.67762e+09,121.92
4,4,1.81186e+09,114.582
4,4,2.18112e+09,93.6079
4,4,1.5002e+09,124.908
5,5,2.19234e+09,89.2601
5,5,2.19272e+09,102.356
5,5,1.43477e+09,134.052
5,5,2.17596e+09,90.2112
5,5,1.96215e+09,116.662
5,5,1.72667e+09,117.099
5,5,2.17892e+09,90.121
5,5,1.64026e+09,132.628
5,5,1.96503e+09,103.146
5,5,2.26418e+09,92.5323
5,5,1.46489e+09,135.449
5,5,2.12107e+09,93.9346
5,5,2.04702e+09,112.16
5,5,1.55212e+09,128.243
5,5,2.2493e+09,86.0041
5,5,1.86961e+09,122.945
5,5,1.72443e+09,117.854
5,5,2.17479e+09,90.8389
5,5,1.61072e+09,133.651
5,5,2.0625e+09,97.3618
6,6,1.76745e+09,117.852
6,6,1.35964e+09,139.855
6,6,1.82555e+09,113.42
6,6,1.30691e+09,143.762
6,6,2.0354e+09,96.1456
6,6,1.17763e+09,153.517
6,6,1.9429e+09,93.623
6,6,1.18686e+09,151.48
6,6,1.9412e+09,94.0585
6,6,1.19034e+09,150.832
6,6,2.0193e+09,88.524
6,6,1.31602e+09,146.382
6,6,1.82331e+09,103.569
6,6,1.39188e+09,143.522
6,6,1.75233e+09,108.946
6,6,1.62499e+09,128.01
6,6,1.59843e+09,120.828
6,6,1.7876e+09,115.598
6,6,1.36417e+09,138.191
6,6,1.8725e+09,108.968
7,7,1.12268e+09,160.403
7,7,1.62332e+09,115.771
7,7,1.29406e+09,144.702
7,7,1.50735e+09,124.781
7,7,1.35925e+09,138.934
7,7,1.40438e+09,128.611
7,7,1.51938e+09,123.851
7,7,1.34276e+09,136.879
7,7,1.62815e+09,113.775
7,7,1.17848e+09,152.244
7,7,1.69169e+09,107.862
7,7,1.11705e+09,153.767
7,7,1.80063e+09,96.045
7,7,1.07456e+09,160.1
7,7,1.88439e+09,88.7623
7,7,1.04461e+09,165.667
7,7,1.82549e+09,94.239
7,7,1.04772e+09,165.653
7,7,1.79566e+09,93.691
7,7,1.12215e+09,159.807
8,8,1.48592e+09,114.692
8,8,1.23448e+09,151.369
8,8,1.18195e+09,143.686
8,8,1.50671e+09,123.28
8,8,1.02161e+09,161.182
8,8,1.20304e+09,124.596
8,8,1.20327e+09,124.729
8,8,1.2025e+09,124.864
8,8,1.20241e+09,124.827
8,8,1.20272e+09,124.893
8,8,1.2025e+09,124.853
8,8,1.20294e+09,124.896
8,8,1.2008e+09,125.528
8,8,1.19898e+09,125.389
8,8,1.20108e+09,125.614
8,8,1.19568e+09,125.997
8,8,1.19911e+09,125.523
8,8,1.19939e+09,125.481
8,8,1.19508e+09,126.064
8,8,1.1985e+09,125.589
9,8,1.70453e+09,116.687
9,8,2.22371e+09,85.2884
9,8,2.0203e+09,168.678
9,8,1.57148e+09,152.71
9,8,2.1811e+09,124.133
9,8,1.67982e+09,170.923
9,8,1.94937e+09,110.921
9,8,2.20247e+09,147.326
9,8,1.3735e+09,173.58
9,8,2.14243e+09,90.5871
9,8,2.04045e+09,169.933
9,8,1.62352e+09,147.018
9,8,2.16449e+09,114.001
9,8,1.57961e+09,172.804
9,8,1.95054e+09,110.136
9,8,2.29057e+09,148.86
9,8,1.37457e+09,174.69
9,8,2.13841e+09,88.1464
9,8,1.92062e+09,170.862
9,8,1.64428e+09,144.808
10,8,2.1307e+09,115.833
10,8,1.25269e+09,169.437
10,8,2.01688e+09,85.4185
10,8,1.4494e+09,164.237
10,8,1.83047e+09,103.714
10,8,1.91222e+09,155.937
10,8,1.48734e+09,142.768
10,8,2.05582e+09,124.359
10,8,1.24973e+09,167.924
10,8,2.03658e+09,102.015
10,8,1.45419e+09,163.235
10,8,1.90323e+09,95.0413
10,8,1.82694e+09,157.056
10,8,1.49099e+09,142.545
10,8,2.07948e+09,137.849
10,8,1.25023e+09,167.858
10,8,2.11739e+09,98.5794
10,8,1.38709e+09,164.441
10,8,1.88827e+09,96.938
10,8,1.66557e+09,158.812
11,8,1.53187e+09,124.605
11,8,1.75467e+09,144.549
11,8,1.42142e+09,136.611
11,8,1.87151e+09,133.968
11,8,1.23526e+09,157.175
11,8,1.90713e+09,129.408
11,8,1.20626e+09,159.77
11,8,2.04093e+09,110.649
11,8,1.14768e+09,165.601
11,8,1.94247e+09,105.693
11,8,1.15953e+09,162.826
11,8,1.94345e+09,102.107
11,8,1.18965e+09,159.949
11,8,1.99895e+09,85.7811
11,8,1.24846e+09,158.503
11,8,1.83657e+09,89.2412
11,8,1.35397e+09,152.325
11,8,2.49074e+09,67.8602
11,8,1.26486e+09,154.022
11,8,1.86891e+09,134.483
12,8,1.14688e+09,161.395
12,8,1.76498e+09,123.49
12,8,1.23267e+09,152.082
12,8,1.71773e+09,126.143
12,8,1.21802e+09,152.678
12,8,1.79746e+09,107.405
12,8,1.24847e+09,149.56
12,8,1.85923e+09,104.311
12,8,1.23323e+09,151.265
12,8,1.83256e+09,108.611
12,8,1.17733e+09,156.884
12,8,1.84624e+09,103.091
12,8,1.20962e+09,154.644
12,8,1.90764e+09,99.7074
12,8,1.17422e+09,157.706
12,8,1.88527e+09,103.019
12,8,1.13058e+09,161.578
12,8,1.89161e+09,99.7488
12,8,1.1542e+09,159.408
12,8,1.95045e+09,95.825
13,8,1.201e+09,156.538
13,8,1.91966e+09,111.208
13,8,1.92968e+09,87.9227
13,8,1.1318e+09,163.279
13,8,1.86525e+09,91.728
13,8,1.13384e+09,162.634
13,8,2.22256e+09,80.1082
13,8,1.54156e+09,119.983
13,8,1.51873e+09,146.299
13,8,1.5541e+09,118.753
13,8,1.51908e+09,145.9
13,8,1.47944e+09,126.813
13,8,1.44723e+09,149.192
13,8,2.31379e+09,69.8347
13,8,1.14239e+09,164.192
13,8,1.9185e+09,113.098
13,8,1.15774e+09,162.172
13,8,1.87716e+09,113.906
13,8,1.12346e+09,165.482
13,8,1.83202e+09,122.19
14,8,1.85484e+09,90.4418
14,8,1.04346e+09,169.334
14,8,1.86773e+09,95.6955
14,8,1.04218e+09,170.19
14,8,1.79313e+09,110.828
14,8,1.05125e+09,169.292
14,8,1.56181e+09,133.519
14,8,1.28927e+09,143.433
14,8,1.48e+09,139.116
14,8,2.1524e+09,71.5691
14,8,1.11052e+09,163.324
14,8,1.63847e+09,126.666
14,8,1.20614e+09,152.49
14,8,1.40051e+09,144.864
14,8,2.14843e+09,71.4935
14,8,1.11571e+09,163.018
14,8,1.47591e+09,140.341
14,8,1.37039e+09,134.736
14,8,1.40089e+09,145.268
14,8,1.52686e+09,117.332
15,8,1.09753e+09,165.297
15,8,2.0103e+09,74.8468
15,8,1.35881e+09,136.132
15,8,9.93422e+08,172.221
15,8,1.99068e+09,76.8011
15,8,1.47643e+09,122.688
15,8,9.99768e+08,173.018
15,8,1.79309e+09,93.331
15,8,9.88878e+08,173.157
15,8,1.71777e+09,105.659
15,8,1.75768e+09,96.7581
15,8,9.88818e+08,175.662
15,8,1.59127e+09,119.386
15,8,1.12123e+09,161.206
15,8,1.37715e+09,139.749
15,8,2.00707e+09,74.7704
15,8,1.16896e+09,157.836
15,8,1.3379e+09,143.581
15,8,1.37926e+09,132.986
15,8,9.97877e+08,170.681
16,8,1.85736e+09,82.2261
16,8,1.4925e+09,123.562
16,8,9.31254e+08,180.778
16,8,1.55145e+09,114.346
16,8,1.81222e+09,87.293
16,8,9.21507e+08,185.115
16,8,1.39763e+09,131.213
16,8,1.26981e+09,147.192
16,8,9.83487e+08,174.265
16,8,1.88623e+09,79.2099
16,8,1.41961e+09,131.495
16,8,9.34566e+08,180.134
16,8,1.63122e+09,106.14
16,8,1.72784e+09,97.3189
16,8,9.22814e+08,183.131
16,8,1.47737e+09,122.43
16,8,1.19501e+09,155.164
16,8,1.06389e+09,165.706
16,8,1.88597e+09,79.2817
16,8,1.35246e+09,140.112
